,Loan_ID,Gender,Married,Dependents,Education,Self_Employed,ApplicantIncome,CoapplicantIncome,LoanAmount,Loan_Amount_Term,Credit_History,Property_Area,Loan_Status,Total_income,log10_income
0,LP001002,1,0,0.0,0,0,5849,0.0,128.0,360.0,1.0,2,1,5849.0,3.7670816213633223
1,LP001003,1,2,1.0,0,0,4583,1508.0,128.0,360.0,1.0,0,0,6091.0,3.7846885995014214
2,LP001005,1,2,0.0,0,2,3000,0.0,66.0,360.0,1.0,2,1,3000.0,3.4771212547196626
3,LP001006,1,2,0.0,1,0,2583,2358.0,120.0,360.0,1.0,2,1,4941.0,3.6938148538894167
4,LP001008,1,0,0.0,0,0,6000,0.0,141.0,360.0,1.0,2,1,6000.0,3.7781512503836434
5,LP001011,1,2,2.0,0,2,5417,4196.0,267.0,360.0,1.0,2,1,9613.0,3.9828589423120753
6,LP001013,1,2,0.0,1,0,2333,1516.0,95.0,360.0,1.0,2,1,3849.0,3.585347911094591
7,LP001014,1,2,3.0,0,0,3036,2504.0,158.0,360.0,0.0,1,0,5540.0,3.74350976472843
8,LP001018,1,2,2.0,0,0,4006,1526.0,168.0,360.0,1.0,2,1,5532.0,3.742882171437273
9,LP001020,1,2,1.0,0,0,12841,10968.0,349.0,360.0,1.0,1,0,23809.0,4.376741155018397
10,LP001024,1,2,2.0,0,0,3200,700.0,70.0,360.0,1.0,2,1,3900.0,3.591064607026499
11,LP001027,1,2,2.0,0,1,2500,1840.0,109.0,360.0,1.0,2,1,4340.0,3.637489729512511
12,LP001028,1,2,2.0,0,0,3073,8106.0,200.0,360.0,1.0,2,1,11179.0,4.0484029561527395
13,LP001029,1,0,0.0,0,0,1853,2840.0,114.0,360.0,1.0,0,0,4693.0,3.6714505542124947
14,LP001030,1,2,2.0,0,0,1299,1086.0,17.0,120.0,1.0,2,1,2385.0,3.3774883833761327
15,LP001032,1,0,0.0,0,0,4950,0.0,125.0,360.0,1.0,2,1,4950.0,3.694605198933569
16,LP001034,1,0,1.0,1,0,3596,0.0,100.0,240.0,1.0,2,1,3596.0,3.5558196830611912
17,LP001036,0,0,0.0,0,0,3510,0.0,76.0,360.0,0.0,2,0,3510.0,3.545307116465824
18,LP001038,1,2,0.0,1,0,4887,0.0,133.0,360.0,1.0,0,0,4887.0,3.689042339028172
19,LP001041,1,2,0.0,0,1,2600,3500.0,115.0,360.0,1.0,2,1,6100.0,3.785329835010767
20,LP001043,1,2,0.0,1,0,7660,0.0,104.0,360.0,0.0,2,0,7660.0,3.884228769632604
21,LP001046,1,2,1.0,0,0,5955,5625.0,315.0,360.0,1.0,2,1,11580.0,4.063708559391418
22,LP001047,1,2,0.0,1,0,2600,1911.0,116.0,360.0,0.0,1,0,4511.0,3.6542728270977105
23,LP001050,2,2,2.0,1,0,3365,1917.0,112.0,360.0,0.0,0,0,5282.0,3.722798396870905
24,LP001052,1,2,1.0,0,1,3717,2925.0,151.0,360.0,1.0,1,0,6642.0,3.8222988712623662
25,LP001066,1,2,0.0,0,2,9560,0.0,191.0,360.0,1.0,1,1,9560.0,3.9804578922761
26,LP001068,1,2,0.0,0,0,2799,2253.0,122.0,360.0,1.0,1,1,5052.0,3.703463341883293
27,LP001073,1,2,2.0,1,0,4226,1040.0,110.0,360.0,1.0,2,1,5266.0,3.7214808547700495
28,LP001086,1,0,0.0,1,0,1442,0.0,35.0,360.0,1.0,2,0,1442.0,3.15896526038341
29,LP001087,0,0,2.0,0,1,3750,2083.0,120.0,360.0,1.0,1,1,5833.0,3.7658919764300154
30,LP001091,1,2,1.0,0,1,4166,3369.0,201.0,360.0,1.0,2,0,7535.0,3.877083256650651
31,LP001095,1,0,0.0,0,0,3167,0.0,74.0,360.0,1.0,2,0,3167.0,3.500648063371912
32,LP001097,1,0,1.0,0,2,4692,0.0,106.0,360.0,1.0,0,0,4692.0,3.671358003443492
33,LP001098,1,2,0.0,0,0,3500,1667.0,114.0,360.0,1.0,1,1,5167.0,3.7132384615456617
34,LP001100,1,0,3.0,0,0,12500,3000.0,320.0,360.0,1.0,0,0,15500.0,4.190331698170292
35,LP001106,1,2,0.0,0,0,2275,2067.0,128.0,360.0,1.0,2,1,4342.0,3.637689819118401
36,LP001109,1,2,0.0,0,0,1828,1330.0,100.0,360.0,0.0,2,0,3158.0,3.499412125672275
37,LP001112,0,2,0.0,0,0,3667,1459.0,144.0,360.0,1.0,1,1,5126.0,3.709778601848225
38,LP001114,1,0,0.0,0,0,4166,7210.0,184.0,360.0,1.0,2,1,11376.0,4.055989583385691
39,LP001116,1,0,0.0,1,0,3748,1668.0,110.0,360.0,1.0,1,1,5416.0,3.733678655677088
40,LP001119,1,0,0.0,0,0,3600,0.0,80.0,360.0,1.0,2,0,3600.0,3.5563025007672873
41,LP001120,1,0,0.0,0,0,1800,1213.0,47.0,360.0,1.0,2,1,3013.0,3.478999131673357
42,LP001123,1,2,0.0,0,0,2400,0.0,75.0,360.0,1.0,2,1,2400.0,3.380211241711606
43,LP001131,1,2,0.0,0,0,3941,2336.0,134.0,360.0,1.0,1,1,6277.0,3.7977521286507105
44,LP001136,1,2,0.0,1,2,4695,0.0,96.0,360.0,1.0,2,1,4695.0,3.6716355966021297
45,LP001137,0,0,0.0,0,0,3410,0.0,88.0,360.0,1.0,2,1,3410.0,3.5327543789924976
46,LP001138,1,2,1.0,0,0,5649,0.0,44.0,360.0,1.0,2,1,5649.0,3.751971574736327
47,LP001144,1,2,0.0,0,0,5821,0.0,144.0,360.0,1.0,2,1,5821.0,3.7649975992848805
48,LP001146,0,2,0.0,0,0,2645,3440.0,120.0,360.0,0.0,2,0,6085.0,3.784260582566084
49,LP001151,0,0,0.0,0,0,4000,2275.0,144.0,360.0,1.0,1,1,6275.0,3.797613730153076
50,LP001155,0,2,0.0,1,0,1928,1644.0,100.0,360.0,1.0,1,1,3572.0,3.552911450216509
51,LP001157,0,0,0.0,0,0,3086,0.0,120.0,360.0,1.0,1,1,3086.0,3.4893959217271293
52,LP001164,0,0,0.0,0,0,4230,0.0,112.0,360.0,1.0,1,0,4230.0,3.6263403673750423
53,LP001179,1,2,2.0,0,0,4616,0.0,134.0,360.0,1.0,2,0,4616.0,3.664265800147675
54,LP001186,0,2,1.0,0,2,11500,0.0,286.0,360.0,0.0,2,0,11500.0,4.060697840353612
55,LP001194,1,2,2.0,0,0,2708,1167.0,97.0,360.0,1.0,1,1,3875.0,3.588271706842329
56,LP001195,1,2,0.0,0,0,2132,1591.0,96.0,360.0,1.0,1,1,3723.0,3.570893036218392
57,LP001197,1,2,0.0,0,0,3366,2200.0,135.0,360.0,1.0,0,0,5566.0,3.745543201998024
58,LP001198,1,2,1.0,0,0,8080,2250.0,180.0,360.0,1.0,2,1,10330.0,4.014100321519621
59,LP001199,1,2,2.0,1,0,3357,2859.0,144.0,360.0,1.0,2,1,6216.0,3.793511005792858
60,LP001205,1,2,0.0,0,0,2500,3796.0,120.0,360.0,1.0,2,1,6296.0,3.799064719351008
61,LP001206,1,2,3.0,0,0,3029,0.0,99.0,360.0,1.0,2,1,3029.0,3.481299273332856
62,LP001207,1,2,0.0,1,2,2609,3449.0,165.0,180.0,0.0,0,0,6058.0,3.782329268996837
63,LP001213,1,2,1.0,0,0,4945,0.0,128.0,360.0,0.0,0,0,4945.0,3.694166295933198
64,LP001222,0,0,0.0,0,0,4166,0.0,116.0,360.0,0.0,1,0,4166.0,3.619719265611727
65,LP001225,1,2,0.0,0,0,5726,4595.0,258.0,360.0,1.0,1,0,10321.0,4.013721778051063
66,LP001228,1,0,0.0,1,0,3200,2254.0,126.0,180.0,0.0,2,0,5454.0,3.7367151336056112
67,LP001233,1,2,1.0,0,0,10750,0.0,312.0,360.0,1.0,2,1,10750.0,4.031408464251625
68,LP001238,1,2,3.0,1,2,7100,0.0,125.0,60.0,1.0,2,1,7100.0,3.8512583487190755
69,LP001241,0,0,0.0,0,0,4300,0.0,136.0,360.0,0.0,1,0,4300.0,3.6334684555795866
70,LP001243,1,2,0.0,0,0,3208,3066.0,172.0,360.0,1.0,2,1,6274.0,3.7975445143617264
71,LP001245,1,2,2.0,1,2,1875,1875.0,97.0,360.0,1.0,1,1,3750.0,3.574031267727719
72,LP001248,1,0,0.0,0,0,3500,0.0,81.0,300.0,1.0,1,1,3500.0,3.5440680443502757
73,LP001250,1,2,3.0,1,0,4755,0.0,95.0,360.0,0.0,1,0,4755.0,3.6771505212734326
74,LP001253,1,2,3.0,0,2,5266,1774.0,187.0,360.0,1.0,1,1,7040.0,3.847572659142112
75,LP001255,1,0,0.0,0,0,3750,0.0,113.0,480.0,1.0,2,0,3750.0,3.574031267727719
76,LP001256,1,0,0.0,0,0,3750,4750.0,176.0,360.0,1.0,2,0,8500.0,3.929418925714293
77,LP001259,1,2,1.0,0,2,1000,3022.0,110.0,360.0,1.0,2,0,4022.0,3.6044420662607233
78,LP001263,1,2,3.0,0,0,3167,4000.0,180.0,300.0,0.0,1,0,7167.0,3.8553374044695405
79,LP001264,1,2,3.0,1,2,3333,2166.0,130.0,360.0,1.0,1,1,5499.0,3.7402837196818792
80,LP001265,0,0,0.0,0,0,3846,0.0,111.0,360.0,1.0,1,1,3846.0,3.585009279902461
81,LP001266,1,2,1.0,0,2,2395,0.0,128.0,360.0,1.0,1,1,2395.0,3.379305517750582
82,LP001267,0,2,2.0,0,0,1378,1881.0,167.0,360.0,1.0,2,0,3259.0,3.513084360465144
83,LP001273,1,2,0.0,0,0,6000,2250.0,265.0,360.0,1.0,1,0,8250.0,3.916453948549925
84,LP001275,1,2,1.0,0,0,3988,0.0,50.0,240.0,1.0,2,1,3988.0,3.600755149639618
85,LP001279,1,0,0.0,0,0,2366,2531.0,136.0,360.0,1.0,1,1,4897.0,3.689930104018218
86,LP001280,1,2,2.0,1,0,3333,2000.0,99.0,360.0,1.0,1,1,5333.0,3.7269715836828765
87,LP001282,1,2,0.0,0,0,2500,2118.0,104.0,360.0,1.0,1,1,4618.0,3.6644539285811577
88,LP001289,1,0,0.0,0,0,8566,0.0,210.0,360.0,1.0,2,1,8566.0,3.9327780700605506
89,LP001310,1,2,0.0,0,0,5695,4167.0,175.0,360.0,1.0,1,1,9862.0,3.993964998195119
90,LP001316,1,2,0.0,0,0,2958,2900.0,131.0,360.0,1.0,1,1,5858.0,3.76774936734558
91,LP001318,1,2,2.0,0,0,6250,5654.0,188.0,180.0,1.0,1,1,11904.0,4.075692918201804
92,LP001319,1,2,2.0,1,0,3273,1820.0,81.0,360.0,1.0,2,1,5093.0,3.7069736761761782
93,LP001322,1,0,0.0,0,0,4133,0.0,122.0,360.0,1.0,1,1,4133.0,3.616265405281708
94,LP001325,1,0,0.0,1,0,3620,0.0,25.0,120.0,1.0,1,1,3620.0,3.558708570533166
95,LP001326,1,0,0.0,0,1,6782,0.0,128.0,360.0,1.0,2,0,6782.0,3.8313577854420675
96,LP001327,0,2,0.0,0,0,2484,2302.0,137.0,360.0,1.0,1,1,4786.0,3.6799726942774185
97,LP001333,1,2,0.0,0,0,1977,997.0,50.0,360.0,1.0,1,1,2974.0,3.4733409641859354
98,LP001334,1,2,0.0,1,0,4188,0.0,115.0,180.0,1.0,1,1,4188.0,3.622006673006805
99,LP001343,1,2,0.0,0,0,1759,3541.0,131.0,360.0,1.0,1,1,5300.0,3.724275869600789
100,LP001345,1,2,2.0,1,0,4288,3263.0,133.0,180.0,1.0,2,1,7551.0,3.878004470268025
101,LP001349,1,0,0.0,0,0,4843,3806.0,151.0,360.0,1.0,1,1,8649.0,3.93696589710787
102,LP001350,1,2,0.0,0,0,13650,0.0,128.0,360.0,1.0,2,1,13650.0,4.135132651376775
103,LP001356,1,2,0.0,0,0,4652,3583.0,128.0,360.0,1.0,1,1,8235.0,3.9156636035057732
104,LP001357,1,1,0.0,0,0,3816,754.0,160.0,360.0,1.0,2,1,4570.0,3.6599162000698504
105,LP001367,1,2,1.0,0,0,3052,1030.0,100.0,360.0,1.0,2,1,4082.0,3.6108730003800518
106,LP001369,1,2,2.0,0,0,11417,1126.0,225.0,360.0,1.0,2,1,12543.0,4.0984014222700775
107,LP001370,1,0,0.0,1,1,7333,0.0,120.0,360.0,1.0,0,0,7333.0,3.8652816849956104
108,LP001379,1,2,2.0,0,0,3800,3600.0,216.0,360.0,0.0,2,0,7400.0,3.8692317197309762
109,LP001384,1,2,3.0,1,0,2071,754.0,94.0,480.0,1.0,1,1,2825.0,3.4510184521554574
110,LP001385,1,0,0.0,0,0,5316,0.0,136.0,360.0,1.0,2,1,5316.0,3.725584972270694
111,LP001387,0,2,0.0,0,1,2929,2333.0,139.0,360.0,1.0,1,1,5262.0,3.721150843749684
112,LP001391,1,2,0.0,1,0,3572,4114.0,152.0,360.0,0.0,0,0,7686.0,3.88570038012833
113,LP001392,0,0,1.0,0,2,7451,0.0,128.0,360.0,1.0,1,1,7451.0,3.8722145633975855
114,LP001398,1,0,0.0,0,1,5050,0.0,118.0,360.0,1.0,1,1,5050.0,3.7032913781186614
115,LP001401,1,2,1.0,0,0,14583,0.0,185.0,180.0,1.0,0,1,14583.0,4.163846875794205
116,LP001404,0,2,0.0,0,0,3167,2283.0,154.0,360.0,1.0,1,1,5450.0,3.7363965022766426
117,LP001405,1,2,1.0,0,0,2214,1398.0,85.0,360.0,1.0,2,1,3612.0,3.5577477416414682
118,LP001421,1,2,0.0,0,0,5568,2142.0,175.0,360.0,1.0,0,0,7710.0,3.8870543780509568
119,LP001422,0,0,0.0,0,0,10408,0.0,259.0,360.0,1.0,2,1,10408.0,4.01736728355353
120,LP001426,1,2,0.0,0,0,5667,2667.0,180.0,360.0,1.0,0,1,8334.0,3.9208534961212593
121,LP001430,0,0,0.0,0,0,4166,0.0,44.0,360.0,1.0,1,1,4166.0,3.619719265611727
122,LP001431,0,0,0.0,0,0,2137,8980.0,137.0,360.0,0.0,1,1,11117.0,4.045987605660968
123,LP001432,1,2,2.0,0,0,2957,0.0,81.0,360.0,1.0,1,1,2957.0,3.4708513245261177
124,LP001439,1,2,0.0,1,0,4300,2014.0,194.0,360.0,1.0,0,1,6314.0,3.8003045775561985
125,LP001443,0,0,0.0,0,0,3692,0.0,93.0,360.0,1.0,0,1,3692.0,3.5672616923538745
126,LP001448,2,2,3.0,0,0,23803,0.0,370.0,360.0,1.0,0,1,23803.0,4.376631696608533
127,LP001449,1,0,0.0,0,0,3865,1640.0,128.0,360.0,1.0,0,1,5505.0,3.7407573233077707
128,LP001451,1,2,1.0,0,2,10513,3850.0,160.0,180.0,0.0,2,0,14363.0,4.1572451604751945
129,LP001465,1,2,0.0,0,0,6080,2569.0,182.0,360.0,1.0,0,0,8649.0,3.93696589710787
130,LP001469,1,0,0.0,0,2,20166,0.0,650.0,480.0,1.0,2,1,20166.0,4.304619762853121
131,LP001473,1,0,0.0,0,0,2014,1929.0,74.0,360.0,1.0,2,1,3943.0,3.5958267770732233
132,LP001478,1,0,0.0,0,0,2718,0.0,70.0,360.0,1.0,1,1,2718.0,3.4342494523964757
133,LP001482,1,2,0.0,0,2,3459,0.0,25.0,120.0,1.0,1,1,3459.0,3.5389505620143615
134,LP001487,1,0,0.0,0,0,4895,0.0,102.0,360.0,1.0,1,1,4895.0,3.6897526961391565
135,LP001488,1,2,3.0,0,0,4000,7750.0,290.0,360.0,1.0,1,0,11750.0,4.0700378666077555
136,LP001489,0,2,0.0,0,0,4583,0.0,84.0,360.0,1.0,0,0,4583.0,3.6611498572447867
137,LP001491,1,2,2.0,0,2,3316,3500.0,88.0,360.0,1.0,2,1,6816.0,3.833529581758644
138,LP001492,1,0,0.0,0,0,14999,0.0,242.0,360.0,0.0,1,0,14999.0,4.176062305125079
139,LP001493,1,2,2.0,1,0,4200,1430.0,129.0,360.0,1.0,0,0,5630.0,3.7505083948513462
140,LP001497,1,2,2.0,0,0,5042,2083.0,185.0,360.0,1.0,0,0,7125.0,3.8527848686805477
141,LP001498,1,0,0.0,0,0,5417,0.0,168.0,360.0,1.0,2,1,5417.0,3.733758835587203
142,LP001504,1,0,0.0,0,2,6950,0.0,175.0,180.0,1.0,1,1,6950.0,3.8419848045901137
143,LP001507,1,2,0.0,0,0,2698,2034.0,122.0,360.0,1.0,1,1,4732.0,3.675044735955893
144,LP001508,1,2,2.0,0,0,11757,0.0,187.0,180.0,1.0,2,1,11757.0,4.070296518197765
145,LP001514,0,2,0.0,0,0,2330,4486.0,100.0,360.0,1.0,1,1,6816.0,3.833529581758644
146,LP001516,0,2,2.0,0,0,14866,0.0,70.0,360.0,1.0,2,1,14866.0,4.172194128466931
147,LP001518,1,2,1.0,0,0,1538,1425.0,30.0,360.0,1.0,2,1,2963.0,3.471731651480051
148,LP001519,0,0,0.0,0,0,10000,1666.0,225.0,360.0,1.0,0,0,11666.0,4.066921972093997
149,LP001520,1,2,0.0,0,0,4860,830.0,125.0,360.0,1.0,1,1,5690.0,3.7551122663950713
150,LP001528,1,0,0.0,0,0,6277,0.0,118.0,360.0,0.0,0,0,6277.0,3.7977521286507105
151,LP001529,1,2,0.0,0,2,2577,3750.0,152.0,360.0,1.0,0,1,6327.0,3.801197834459149
152,LP001531,1,0,0.0,0,0,9166,0.0,244.0,360.0,1.0,2,0,9166.0,3.962179852908768
153,LP001532,1,2,2.0,1,0,2281,0.0,113.0,360.0,1.0,0,0,2281.0,3.3581252852766488
154,LP001535,1,0,0.0,0,0,3254,0.0,50.0,360.0,1.0,2,1,3254.0,3.51241754860084
155,LP001536,1,2,3.0,0,0,39999,0.0,600.0,180.0,0.0,1,1,39999.0,4.602049133830196
156,LP001541,1,2,1.0,0,0,6000,0.0,160.0,360.0,1.0,0,1,6000.0,3.7781512503836434
157,LP001543,1,2,1.0,0,0,9538,0.0,187.0,360.0,1.0,2,1,9538.0,3.979457318097848
158,LP001546,1,0,0.0,0,1,2980,2083.0,120.0,360.0,1.0,0,1,5063.0,3.704407927386841
159,LP001552,1,2,0.0,0,0,4583,5625.0,255.0,360.0,1.0,1,1,10208.0,4.008940661377087
160,LP001560,1,2,0.0,1,0,1863,1041.0,98.0,360.0,1.0,1,1,2904.0,3.462996612028056
161,LP001562,1,2,0.0,0,0,7933,0.0,275.0,360.0,1.0,2,0,7933.0,3.8994374542861774
162,LP001565,1,2,1.0,0,0,3089,1280.0,121.0,360.0,0.0,1,0,4369.0,3.6403820447095683
163,LP001570,1,2,2.0,0,0,4167,1447.0,158.0,360.0,1.0,0,1,5614.0,3.7492724082984203
164,LP001572,1,2,0.0,0,0,9323,0.0,75.0,180.0,1.0,2,1,9323.0,3.9695556842208437
165,LP001574,1,2,0.0,0,0,3707,3166.0,182.0,360.0,1.0,0,1,6873.0,3.83714634390906
166,LP001577,0,2,0.0,0,0,4583,0.0,112.0,360.0,1.0,0,0,4583.0,3.6611498572447867
167,LP001578,1,2,0.0,0,0,2439,3333.0,129.0,360.0,1.0,0,1,5772.0,3.7613263224214566
168,LP001579,1,0,0.0,0,0,2237,0.0,63.0,480.0,0.0,1,0,2237.0,3.34966598409663
169,LP001580,1,2,2.0,0,0,8000,0.0,200.0,360.0,1.0,1,1,8000.0,3.9030899869919438
170,LP001581,1,2,0.0,1,1,1820,1769.0,95.0,360.0,1.0,0,1,3589.0,3.5549734583332397
171,LP001585,2,2,3.0,0,0,51763,0.0,700.0,300.0,1.0,2,1,51763.0,4.7140194385588226
172,LP001586,1,2,3.0,1,0,3522,0.0,81.0,180.0,1.0,0,0,3522.0,3.5467893516312583
173,LP001594,1,2,0.0,0,0,5708,5625.0,187.0,360.0,1.0,1,1,11333.0,4.0543448887676306
174,LP001603,1,2,0.0,1,2,4344,736.0,87.0,360.0,1.0,1,0,5080.0,3.7058637122839193
175,LP001606,1,2,0.0,0,0,3497,1964.0,116.0,360.0,1.0,0,1,5461.0,3.7372721765355434
176,LP001608,1,2,2.0,0,0,2045,1619.0,101.0,360.0,1.0,0,1,3664.0,3.563955464995813
177,LP001610,1,2,3.0,0,0,5516,11300.0,495.0,360.0,0.0,1,0,16816.0,4.225722698684167
178,LP001616,1,2,1.0,0,0,3750,0.0,116.0,360.0,1.0,1,1,3750.0,3.574031267727719
179,LP001630,1,0,0.0,1,0,2333,1451.0,102.0,480.0,0.0,2,0,3784.0,3.5779511277297553
180,LP001633,1,2,1.0,0,0,6400,7250.0,180.0,360.0,0.0,2,0,13650.0,4.135132651376775
181,LP001634,1,0,0.0,0,0,1916,5063.0,67.0,360.0,1.0,0,0,6979.0,3.8437931983259124
182,LP001636,1,2,0.0,0,0,4600,0.0,73.0,180.0,1.0,1,1,4600.0,3.662757831681574
183,LP001637,1,2,1.0,0,0,33846,0.0,260.0,360.0,1.0,1,0,33846.0,4.5295073501090375
184,LP001639,0,2,0.0,0,0,3625,0.0,108.0,360.0,1.0,1,1,3625.0,3.5593080109070123
185,LP001640,1,2,0.0,0,2,39147,4750.0,120.0,360.0,1.0,1,1,43897.0,4.6424348407896066
186,LP001641,1,2,1.0,0,2,2178,0.0,66.0,300.0,0.0,0,0,2178.0,3.3380578754197563
187,LP001643,1,2,0.0,0,0,2383,2138.0,58.0,360.0,1.0,0,1,4521.0,3.655234507034294
188,LP001644,2,2,0.0,0,2,674,5296.0,168.0,360.0,1.0,0,1,5970.0,3.775974331129369
189,LP001647,1,2,0.0,0,0,9328,0.0,188.0,180.0,1.0,0,1,9328.0,3.969788537414939
190,LP001653,1,0,0.0,1,0,4885,0.0,48.0,360.0,1.0,0,1,4885.0,3.688864568054792
191,LP001656,1,0,0.0,0,0,12000,0.0,164.0,360.0,1.0,1,0,12000.0,4.079181246047625
192,LP001657,1,2,0.0,1,0,6033,0.0,160.0,360.0,1.0,2,0,6033.0,3.780533325316404
193,LP001658,1,0,0.0,0,0,3858,0.0,76.0,360.0,1.0,1,1,3858.0,3.586362223307866
194,LP001664,1,0,0.0,0,0,4191,0.0,120.0,360.0,1.0,0,1,4191.0,3.6223176608338443
195,LP001665,1,2,1.0,0,0,3125,2583.0,170.0,360.0,1.0,1,0,5708.0,3.756483964442609
196,LP001666,1,0,0.0,0,0,8333,3750.0,187.0,360.0,1.0,0,1,12083.0,4.082174775484666
197,LP001669,0,0,0.0,1,0,1907,2365.0,120.0,360.0,1.0,2,1,4272.0,3.6306312440205
198,LP001671,0,2,0.0,0,0,3416,2816.0,113.0,360.0,1.0,1,1,6232.0,3.794627444664508
199,LP001673,1,0,0.0,0,2,11000,0.0,83.0,360.0,1.0,2,0,11000.0,4.041392685158225
200,LP001674,1,2,1.0,1,0,2600,2500.0,90.0,360.0,1.0,1,1,5100.0,3.7075701760979363
201,LP001677,1,0,2.0,0,0,4923,0.0,166.0,360.0,0.0,1,1,4923.0,3.6922298357727557
202,LP001682,1,2,3.0,1,0,3992,0.0,128.0,180.0,1.0,2,0,3992.0,3.6011905326153335
203,LP001688,1,2,1.0,1,0,3500,1083.0,135.0,360.0,1.0,2,1,4583.0,3.6611498572447867
204,LP001691,1,2,2.0,1,0,3917,0.0,124.0,360.0,1.0,1,1,3917.0,3.592953571547866
205,LP001692,0,0,0.0,1,0,4408,0.0,120.0,360.0,1.0,1,1,4408.0,3.6442415858437287
206,LP001693,0,0,0.0,0,0,3244,0.0,80.0,360.0,1.0,2,1,3244.0,3.5110808455391185
207,LP001698,1,0,0.0,1,0,3975,2531.0,55.0,360.0,1.0,0,1,6506.0,3.813314058945835
208,LP001699,1,0,0.0,0,0,2479,0.0,59.0,360.0,1.0,2,1,2479.0,3.3942765267678214
209,LP001702,1,0,0.0,0,0,3418,0.0,127.0,360.0,1.0,1,0,3418.0,3.533772058384718
210,LP001708,0,0,0.0,0,0,10000,0.0,214.0,360.0,1.0,1,0,10000.0,4.0
211,LP001711,1,2,3.0,0,0,3430,1250.0,128.0,360.0,0.0,1,0,4680.0,3.670245853074124
212,LP001713,1,2,1.0,0,2,7787,0.0,240.0,360.0,1.0,2,1,7787.0,3.891370174696148
213,LP001715,1,2,3.0,1,2,5703,0.0,130.0,360.0,1.0,0,1,5703.0,3.7561033715851058
214,LP001716,1,2,0.0,0,0,3173,3021.0,137.0,360.0,1.0,2,1,6194.0,3.791971201020768
215,LP001720,1,2,3.0,1,0,3850,983.0,100.0,360.0,1.0,1,1,4833.0,3.6842167951388807
216,LP001722,1,2,0.0,0,0,150,1800.0,135.0,360.0,1.0,0,0,1950.0,3.290034611362518
217,LP001726,1,2,0.0,0,0,3727,1775.0,131.0,360.0,1.0,1,1,5502.0,3.7405205860536648
218,LP001732,1,2,2.0,0,1,5000,0.0,72.0,360.0,0.0,1,0,5000.0,3.6989700043360187
219,LP001734,0,2,2.0,0,0,4283,2383.0,127.0,360.0,1.0,1,1,6666.0,3.8238653093245114
220,LP001736,1,2,0.0,0,0,2221,0.0,60.0,360.0,0.0,2,0,2221.0,3.346548558548474
221,LP001743,1,2,2.0,0,0,4009,1717.0,116.0,360.0,1.0,1,1,5726.0,3.75785134368558
222,LP001744,1,0,0.0,0,0,2971,2791.0,144.0,360.0,1.0,1,1,5762.0,3.7605732539443943
223,LP001749,1,2,0.0,0,0,7578,1010.0,175.0,360.0,1.0,1,1,8588.0,3.933892035764211
224,LP001750,1,2,0.0,0,0,6250,0.0,128.0,360.0,1.0,1,1,6250.0,3.7958800173440754
225,LP001751,1,2,0.0,0,0,3250,0.0,170.0,360.0,1.0,0,0,3250.0,3.5118833609788744
226,LP001754,1,2,0.0,1,2,4735,0.0,138.0,360.0,1.0,2,0,4735.0,3.675319983339292
227,LP001758,1,2,2.0,0,0,6250,1695.0,210.0,360.0,1.0,1,1,7945.0,3.900093901543398
228,LP001760,1,1,0.0,0,0,4758,0.0,158.0,480.0,1.0,1,1,4758.0,3.6774244377012475
229,LP001761,1,0,0.0,0,2,6400,0.0,200.0,360.0,1.0,0,1,6400.0,3.806179973983887
230,LP001765,1,2,1.0,0,0,2491,2054.0,104.0,360.0,1.0,1,1,4545.0,3.657533887557986
231,LP001768,1,2,0.0,0,1,3716,0.0,42.0,180.0,1.0,0,1,3716.0,3.5700757053216043
232,LP001770,1,0,0.0,1,0,3189,2598.0,120.0,360.0,1.0,0,1,5787.0,3.762453482363547
233,LP001776,0,0,0.0,0,0,8333,0.0,280.0,360.0,1.0,1,1,8333.0,3.920801381825654
234,LP001778,1,2,1.0,0,0,3155,1779.0,140.0,360.0,1.0,1,1,4934.0,3.6931991451537174
235,LP001784,1,2,1.0,0,0,5500,1260.0,170.0,360.0,1.0,0,1,6760.0,3.829946695941636
236,LP001786,1,2,0.0,0,1,5746,0.0,255.0,360.0,1.0,2,0,5746.0,3.759365621655929
237,LP001788,0,0,0.0,0,2,3463,0.0,122.0,360.0,1.0,2,1,3463.0,3.539452491549461
238,LP001790,0,0,1.0,0,0,3812,0.0,112.0,360.0,1.0,0,1,3812.0,3.5811528919662887
239,LP001792,1,2,1.0,0,0,3315,0.0,96.0,360.0,1.0,1,1,3315.0,3.520483532740792
240,LP001798,1,2,2.0,0,0,5819,5000.0,120.0,360.0,1.0,0,1,10819.0,4.034187120793453
241,LP001800,1,2,1.0,1,0,2510,1983.0,140.0,180.0,1.0,2,0,4493.0,3.6525364185930256
242,LP001806,1,0,0.0,0,0,2965,5701.0,155.0,60.0,1.0,2,1,8666.0,3.937818684698356
243,LP001807,1,2,2.0,0,2,6250,1300.0,108.0,360.0,1.0,0,1,7550.0,3.8779469516291885
244,LP001811,1,2,0.0,1,0,3406,4417.0,123.0,360.0,1.0,1,1,7823.0,3.8933733302460247
245,LP001813,1,0,0.0,0,2,6050,4333.0,120.0,180.0,1.0,2,0,10383.0,4.01632285401379
246,LP001814,1,2,2.0,0,0,9703,0.0,112.0,360.0,1.0,2,1,9703.0,3.986906031380721
247,LP001819,1,2,1.0,1,0,6608,0.0,137.0,180.0,1.0,2,1,6608.0,3.8200700343123257
248,LP001824,1,2,1.0,0,0,2882,1843.0,123.0,480.0,1.0,1,1,4725.0,3.674401812845282
249,LP001825,1,2,0.0,0,0,1809,1868.0,90.0,360.0,1.0,2,1,3677.0,3.5654936298688624
250,LP001835,1,2,0.0,1,0,1668,3890.0,201.0,360.0,0.0,1,0,5558.0,3.744918542441353
251,LP001836,0,0,2.0,0,0,3427,0.0,138.0,360.0,1.0,2,0,3427.0,3.534914104429867
252,LP001841,1,0,0.0,1,2,2583,2167.0,104.0,360.0,1.0,0,1,4750.0,3.6766936096248664
253,LP001843,1,2,1.0,1,0,2661,7101.0,279.0,180.0,1.0,1,1,9762.0,3.9895388033205026
254,LP001844,1,0,0.0,0,2,16250,0.0,192.0,360.0,0.0,2,0,16250.0,4.210853365314893
255,LP001846,0,0,3.0,0,0,3083,0.0,255.0,360.0,1.0,0,1,3083.0,3.488973524726508
256,LP001849,1,0,0.0,1,0,6045,0.0,115.0,360.0,0.0,0,0,6045.0,3.7813963051967905
257,LP001854,1,2,3.0,0,0,5250,0.0,94.0,360.0,1.0,2,0,5250.0,3.720159303405957
258,LP001859,1,2,0.0,0,0,14683,2100.0,304.0,360.0,1.0,0,0,16783.0,4.224869594573257
259,LP001864,1,2,3.0,1,0,4931,0.0,128.0,360.0,1.0,1,0,4931.0,3.692935002531138
260,LP001865,1,2,1.0,0,0,6083,4250.0,330.0,360.0,1.0,2,1,10333.0,4.01422642938923
261,LP001868,1,0,0.0,0,0,2060,2209.0,134.0,360.0,1.0,1,1,4269.0,3.6303261548039467
262,LP001870,0,0,1.0,0,0,3481,0.0,155.0,36.0,1.0,1,0,3481.0,3.5417040232842885
263,LP001871,0,0,0.0,0,0,7200,0.0,120.0,360.0,1.0,0,1,7200.0,3.8573324964312685
264,LP001872,1,0,0.0,0,2,5166,0.0,128.0,360.0,1.0,1,1,5166.0,3.7131544018372984
265,LP001875,1,0,0.0,0,0,4095,3447.0,151.0,360.0,1.0,0,1,7542.0,3.8774865280696016
266,LP001877,1,2,2.0,0,0,4708,1387.0,150.0,360.0,1.0,1,1,6095.0,3.7849737099544005
267,LP001882,1,2,3.0,0,0,4333,1811.0,160.0,360.0,0.0,2,1,6144.0,3.7884512070234555
268,LP001883,0,0,0.0,0,1,3418,0.0,135.0,360.0,1.0,0,0,3418.0,3.533772058384718
269,LP001884,0,0,1.0,0,0,2876,1560.0,90.0,360.0,1.0,2,1,4436.0,3.6469915374771222
270,LP001888,0,0,0.0,0,0,3237,0.0,30.0,360.0,1.0,2,1,3237.0,3.5101426994025733
271,LP001891,1,2,0.0,0,0,11146,0.0,136.0,360.0,1.0,2,1,11146.0,4.047119038720181
272,LP001892,1,0,0.0,0,0,2833,1857.0,126.0,360.0,1.0,0,1,4690.0,3.6711728427150834
273,LP001894,1,2,0.0,0,0,2620,2223.0,150.0,360.0,1.0,1,1,4843.0,3.6851144690465394
274,LP001896,1,2,2.0,0,0,3900,0.0,90.0,360.0,1.0,1,1,3900.0,3.591064607026499
275,LP001900,1,2,1.0,0,0,2750,1842.0,115.0,360.0,1.0,1,1,4592.0,3.662001879389917
276,LP001903,1,2,0.0,0,0,3993,3274.0,207.0,360.0,1.0,1,1,7267.0,3.86135516019326
277,LP001904,1,2,0.0,0,0,3103,1300.0,80.0,360.0,1.0,2,1,4403.0,3.6437486854595256
278,LP001907,1,2,0.0,0,0,14583,0.0,436.0,360.0,1.0,1,1,14583.0,4.163846875794205
279,LP001908,0,2,0.0,1,0,4100,0.0,124.0,360.0,1.0,0,1,4100.0,3.6127838567197355
280,LP001910,1,0,1.0,1,2,4053,2426.0,158.0,360.0,0.0,2,0,6479.0,3.811507979945327
281,LP001914,1,2,0.0,0,0,3927,800.0,112.0,360.0,1.0,1,1,4727.0,3.6745856023029138
282,LP001915,1,2,2.0,0,0,2301,985.7999877999997,78.0,180.0,1.0,2,1,3286.7999877999996,3.5167732766895647
283,LP001917,0,0,0.0,0,0,1811,1666.0,54.0,360.0,1.0,2,1,3477.0,3.5412046906832586
284,LP001922,1,2,0.0,0,0,20667,0.0,128.0,360.0,1.0,0,0,20667.0,4.31527743947181
285,LP001924,1,0,0.0,0,0,3158,3053.0,89.0,360.0,1.0,0,1,6211.0,3.793161529245551
286,LP001925,0,0,0.0,0,2,2600,1717.0,99.0,300.0,1.0,1,0,4317.0,3.635182048656268
287,LP001926,1,2,0.0,0,0,3704,2000.0,120.0,360.0,1.0,0,1,5704.0,3.756179516843809
288,LP001931,0,0,0.0,0,0,4124,0.0,115.0,360.0,1.0,1,1,4124.0,3.6153186566114788
289,LP001935,1,0,0.0,0,0,9508,0.0,187.0,360.0,1.0,0,1,9508.0,3.9780891730561425
290,LP001936,1,2,0.0,0,0,3075,2416.0,139.0,360.0,1.0,0,1,5491.0,3.7396514437093766
291,LP001938,1,2,2.0,0,0,4400,0.0,127.0,360.0,0.0,1,0,4400.0,3.6434526764861874
292,LP001940,1,2,2.0,0,0,3153,1560.0,134.0,360.0,1.0,2,1,4713.0,3.6732974397596356
293,LP001945,0,0,0.0,0,0,5417,0.0,143.0,480.0,0.0,2,0,5417.0,3.733758835587203
294,LP001947,1,2,0.0,0,0,2383,3334.0,172.0,360.0,1.0,1,1,5717.0,3.7571681922142726
295,LP001949,1,2,3.0,0,1,4416,1250.0,110.0,360.0,1.0,2,1,5666.0,3.7532765701844184
296,LP001953,1,2,1.0,0,0,6875,0.0,200.0,360.0,1.0,1,1,6875.0,3.8372727025023003
297,LP001954,0,2,1.0,0,0,4666,0.0,135.0,360.0,1.0,2,1,4666.0,3.668944734457734
298,LP001955,0,0,0.0,0,0,5000,2541.0,151.0,480.0,1.0,0,0,7541.0,3.87742894078822
299,LP001963,1,2,1.0,0,0,2014,2925.0,113.0,360.0,1.0,2,0,4939.0,3.693639026161548
300,LP001964,1,2,0.0,1,0,1800,2934.0,93.0,360.0,0.0,2,0,4734.0,3.675228253593064
301,LP001972,1,2,0.0,1,0,2875,1750.0,105.0,360.0,1.0,1,1,4625.0,3.6651117370750512
302,LP001974,0,0,0.0,0,0,5000,0.0,132.0,360.0,1.0,0,1,5000.0,3.6989700043360187
303,LP001977,1,2,1.0,0,0,1625,1803.0,96.0,360.0,1.0,2,1,3428.0,3.5350408132511606
304,LP001978,1,0,0.0,0,0,4000,2500.0,140.0,360.0,1.0,0,1,6500.0,3.8129133566428557
305,LP001990,1,0,0.0,1,0,2000,0.0,128.0,360.0,1.0,2,0,2000.0,3.3010299956639813
306,LP001993,0,0,0.0,0,0,3762,1666.0,135.0,360.0,1.0,0,1,5428.0,3.7346398389876994
307,LP001994,0,0,0.0,0,0,2400,1863.0,104.0,360.0,0.0,2,0,4263.0,3.629715332647132
308,LP001996,1,0,0.0,0,0,20233,0.0,480.0,360.0,1.0,0,0,20233.0,4.3060602815276
309,LP001998,1,2,2.0,1,0,7667,0.0,185.0,360.0,1.0,0,1,7667.0,3.8846254632562345
310,LP002002,0,0,0.0,0,0,2917,0.0,84.0,360.0,1.0,1,1,2917.0,3.4649364291217326
311,LP002004,1,0,0.0,1,0,2927,2405.0,111.0,360.0,1.0,1,1,5332.0,3.726890140741822
312,LP002006,0,0,0.0,0,0,2507,0.0,56.0,360.0,1.0,0,1,2507.0,3.3991543339582164
313,LP002008,1,2,2.0,0,2,5746,0.0,144.0,84.0,1.0,0,1,5746.0,3.759365621655929
314,LP002024,2,2,0.0,0,0,2473,1843.0,159.0,360.0,1.0,0,0,4316.0,3.635081436010873
315,LP002031,1,2,1.0,1,0,3399,1640.0,111.0,180.0,1.0,2,1,5039.0,3.7023443583557687
316,LP002035,1,2,2.0,0,0,3717,0.0,120.0,360.0,1.0,1,1,3717.0,3.570192561095726
317,LP002036,1,2,0.0,0,0,2058,2134.0,88.0,360.0,1.0,2,1,4192.0,3.6224212739756703
318,LP002043,0,0,1.0,0,0,3541,0.0,112.0,360.0,1.0,1,1,3541.0,3.5491259267581112
319,LP002050,1,2,1.0,0,2,10000,0.0,155.0,360.0,1.0,0,0,10000.0,4.0
320,LP002051,1,2,0.0,0,0,2400,2167.0,115.0,360.0,1.0,1,1,4567.0,3.6596310116070008
321,LP002053,1,2,3.0,0,0,4342,189.0,124.0,360.0,1.0,1,1,4531.0,3.656194062179186
322,LP002054,1,2,2.0,1,0,3601,1590.0,128.0,360.0,1.0,0,1,5191.0,3.7152510288788494
323,LP002055,0,0,0.0,0,0,3166,2985.0,132.0,360.0,1.0,0,1,6151.0,3.788945727023748
324,LP002065,1,2,3.0,0,0,15000,0.0,300.0,360.0,1.0,0,1,15000.0,4.176091259055681
325,LP002067,1,2,1.0,0,2,8666,4983.0,376.0,360.0,0.0,0,0,13649.0,4.13510083376572
326,LP002068,1,0,0.0,0,0,4917,0.0,130.0,360.0,0.0,0,1,4917.0,3.6917002082901615
327,LP002082,1,2,0.0,0,2,5818,2160.0,184.0,360.0,1.0,1,1,7978.0,3.901894031973821
328,LP002086,0,2,0.0,0,0,4333,2451.0,110.0,360.0,1.0,2,0,6784.0,3.8314858392486575
329,LP002087,0,0,0.0,0,0,2500,0.0,67.0,360.0,1.0,2,1,2500.0,3.3979400086720375
330,LP002097,1,0,1.0,0,0,4384,1793.0,117.0,360.0,1.0,2,1,6177.0,3.7907776013376937
331,LP002098,1,0,0.0,0,0,2935,0.0,98.0,360.0,1.0,1,1,2935.0,3.467608105583633
332,LP002100,1,0,0.0,0,0,2833,0.0,71.0,360.0,1.0,2,1,2833.0,3.452246574520437
333,LP002101,1,2,0.0,0,1,63337,0.0,490.0,180.0,1.0,2,1,63337.0,4.801657488870102
334,LP002103,2,2,1.0,0,2,9833,1833.0,182.0,180.0,1.0,2,1,11666.0,4.066921972093997
335,LP002106,1,2,0.0,0,2,5503,4490.0,70.0,360.0,1.0,1,1,9993.0,3.999695887410839
336,LP002110,1,2,1.0,0,1,5250,688.0,160.0,360.0,1.0,0,1,5938.0,3.7736401932600256
337,LP002112,1,2,2.0,0,2,2500,4600.0,176.0,360.0,1.0,0,1,7100.0,3.8512583487190755
338,LP002113,0,0,3.0,1,0,1830,0.0,128.0,360.0,0.0,2,0,1830.0,3.2624510897304293
339,LP002114,0,0,0.0,0,0,4160,0.0,71.0,360.0,1.0,1,1,4160.0,3.6190933306267428
340,LP002115,1,2,3.0,1,0,2647,1587.0,173.0,360.0,1.0,0,0,4234.0,3.6267508536833932
341,LP002116,0,0,0.0,0,0,2378,0.0,46.0,360.0,1.0,0,0,2378.0,3.376211850282673
342,LP002119,1,2,1.0,1,0,4554,1229.0,158.0,360.0,1.0,2,1,5783.0,3.7621531923035945
343,LP002126,1,2,3.0,1,0,3173,0.0,74.0,360.0,1.0,1,1,3173.0,3.501470072100412
344,LP002128,1,2,2.0,0,1,2583,2330.0,125.0,360.0,1.0,0,1,4913.0,3.691346764134822
345,LP002129,1,2,0.0,0,0,2499,2458.0,160.0,360.0,1.0,1,1,4957.0,3.6952189189051508
346,LP002130,1,2,0.0,1,0,3523,3230.0,152.0,360.0,0.0,0,0,6753.0,3.8294967497201826
347,LP002131,1,2,2.0,1,0,3083,2168.0,126.0,360.0,1.0,2,1,5251.0,3.720242018287057
348,LP002137,1,2,0.0,0,0,6333,4583.0,259.0,360.0,1.0,1,1,10916.0,4.038063526997859
349,LP002138,1,2,0.0,0,0,2625,6250.0,187.0,360.0,1.0,0,1,8875.0,3.9481683617271317
350,LP002139,1,2,0.0,0,0,9083,0.0,228.0,360.0,1.0,1,1,9083.0,3.958229314188382
351,LP002140,1,0,0.0,0,0,8750,4167.0,308.0,360.0,1.0,0,0,12917.0,4.111161659577588
352,LP002141,1,2,3.0,0,0,2666,2083.0,95.0,360.0,1.0,0,1,4749.0,3.676602169582018
353,LP002142,0,2,0.0,0,2,5500,0.0,105.0,360.0,0.0,0,0,5500.0,3.7403626894942437
354,LP002143,0,2,0.0,0,0,2423,505.0,130.0,360.0,1.0,1,1,2928.0,3.4665710723863543
355,LP002144,0,0,0.0,0,0,3813,0.0,116.0,180.0,1.0,2,1,3813.0,3.5812668052736707
356,LP002149,1,2,2.0,0,0,8333,3167.0,165.0,360.0,1.0,0,1,11500.0,4.060697840353612
357,LP002151,1,2,1.0,0,0,3875,0.0,67.0,360.0,1.0,2,0,3875.0,3.588271706842329
358,LP002158,1,2,0.0,1,0,3000,1666.0,100.0,480.0,0.0,2,0,4666.0,3.668944734457734
359,LP002160,1,2,3.0,0,0,5167,3167.0,200.0,360.0,1.0,1,1,8334.0,3.9208534961212593
360,LP002161,0,0,1.0,0,0,4723,0.0,81.0,360.0,1.0,1,0,4723.0,3.6742179455767
361,LP002170,1,2,2.0,0,0,5000,3667.0,236.0,360.0,1.0,1,1,8667.0,3.9378687965638592
362,LP002175,1,2,0.0,0,0,4750,2333.0,130.0,360.0,1.0,2,1,7083.0,3.8502172417983895
363,LP002178,1,2,0.0,0,0,3013,3033.0,95.0,300.0,1.0,2,1,6046.0,3.781468142841798
364,LP002180,1,0,0.0,0,2,6822,0.0,141.0,360.0,1.0,0,1,6822.0,3.8339117150713786
365,LP002181,1,0,0.0,1,0,6216,0.0,133.0,360.0,1.0,0,0,6216.0,3.793511005792858
366,LP002187,1,0,0.0,0,0,2500,0.0,96.0,480.0,1.0,1,0,2500.0,3.3979400086720375
367,LP002188,1,0,0.0,0,0,5124,0.0,124.0,360.0,0.0,0,0,5124.0,3.7096091210726487
368,LP002190,1,2,1.0,0,0,6325,0.0,175.0,360.0,1.0,1,1,6325.0,3.8010605298478555
369,LP002191,1,2,0.0,0,0,19730,5266.0,570.0,360.0,1.0,0,0,24996.0,4.397870515995371
370,LP002194,0,0,0.0,0,2,15759,0.0,55.0,360.0,1.0,1,1,15759.0,4.197528655522771
371,LP002197,1,2,2.0,0,0,5185,0.0,155.0,360.0,1.0,1,1,5185.0,3.7147487607250596
372,LP002201,1,2,2.0,0,2,9323,7873.0,380.0,300.0,1.0,0,1,17196.0,4.2354274364449696
373,LP002205,1,0,1.0,0,0,3062,1987.0,111.0,180.0,0.0,2,0,5049.0,3.7032053706954864
374,LP002209,0,0,0.0,0,1,2764,1459.0,110.0,360.0,1.0,2,1,4223.0,3.625621081424908
375,LP002211,1,2,0.0,0,0,4817,923.0,120.0,180.0,1.0,2,1,5740.0,3.7589118923979736
376,LP002219,1,2,3.0,0,0,8750,4996.0,130.0,360.0,1.0,0,1,13746.0,4.138176339573041
377,LP002223,1,2,0.0,0,0,4310,0.0,130.0,360.0,1.0,1,1,4310.0,3.6344772701607315
378,LP002224,1,0,0.0,0,0,3069,0.0,71.0,480.0,1.0,2,0,3069.0,3.4869968884318228
379,LP002225,1,2,2.0,0,0,5391,0.0,130.0,360.0,1.0,2,1,5391.0,3.7316693318286362
380,LP002226,1,2,0.0,0,1,3333,2500.0,128.0,360.0,1.0,1,1,5833.0,3.7658919764300154
381,LP002229,1,0,0.0,0,0,5941,4232.0,296.0,360.0,1.0,1,1,10173.0,4.007449044497749
382,LP002231,0,0,0.0,0,0,6000,0.0,156.0,360.0,1.0,2,1,6000.0,3.7781512503836434
383,LP002234,1,0,0.0,0,2,7167,0.0,128.0,360.0,1.0,2,1,7167.0,3.8553374044695405
384,LP002236,1,2,2.0,0,0,4566,0.0,100.0,360.0,1.0,2,0,4566.0,3.6595359071542166
385,LP002237,1,0,1.0,0,1,3667,0.0,113.0,180.0,1.0,2,1,3667.0,3.5643109099606027
386,LP002239,1,0,0.0,1,0,2346,1600.0,132.0,360.0,1.0,1,1,3946.0,3.5961570809161723
387,LP002243,1,2,0.0,1,0,3010,3136.0,128.0,360.0,0.0,2,0,6146.0,3.7885925559203595
388,LP002244,1,2,0.0,0,0,2333,2417.0,136.0,360.0,1.0,2,1,4750.0,3.6766936096248664
389,LP002250,1,2,0.0,0,0,5488,0.0,125.0,360.0,1.0,0,1,5488.0,3.7394141026986953
390,LP002255,1,0,3.0,0,0,9167,0.0,185.0,360.0,1.0,0,1,9167.0,3.962227231350085
391,LP002262,1,2,3.0,0,0,9504,0.0,275.0,360.0,1.0,0,1,9504.0,3.9779064276371185
392,LP002263,1,2,0.0,0,0,2583,2115.0,120.0,360.0,1.0,2,1,4698.0,3.671913012441587
393,LP002265,1,2,2.0,1,0,1993,1625.0,113.0,180.0,1.0,1,1,3618.0,3.558468562523795
394,LP002266,1,2,2.0,0,0,3100,1400.0,113.0,360.0,1.0,2,1,4500.0,3.6532125137753435
395,LP002272,1,2,2.0,0,0,3276,484.0,135.0,360.0,1.0,1,1,3760.0,3.575187844927661
396,LP002277,0,0,0.0,0,0,3180,0.0,71.0,360.0,0.0,2,0,3180.0,3.5024271199844326
397,LP002281,1,2,0.0,0,0,3033,1459.0,95.0,360.0,1.0,2,1,4492.0,3.6524397475894204
398,LP002284,1,0,0.0,1,0,3902,1666.0,109.0,360.0,1.0,0,1,5568.0,3.7456992266025058
399,LP002287,0,0,0.0,0,0,1500,1800.0,103.0,360.0,0.0,1,0,3300.0,3.5185139398778875
400,LP002288,1,2,2.0,1,0,2889,0.0,45.0,180.0,0.0,2,0,2889.0,3.460747541844197
401,LP002296,1,0,0.0,1,0,2755,0.0,65.0,300.0,1.0,0,0,2755.0,3.4401216031878037
402,LP002297,1,0,0.0,0,0,2500,20000.0,103.0,360.0,1.0,1,1,22500.0,4.352182518111363
403,LP002300,0,0,0.0,1,0,1963,0.0,53.0,360.0,1.0,1,1,1963.0,3.292920299600006
404,LP002301,0,0,0.0,0,2,7441,0.0,194.0,360.0,1.0,0,0,7441.0,3.8716313045375537
405,LP002305,0,0,0.0,0,0,4547,0.0,115.0,360.0,1.0,1,1,4547.0,3.6577249542051082
406,LP002308,1,2,0.0,1,0,2167,2400.0,115.0,360.0,1.0,2,1,4567.0,3.6596310116070008
407,LP002314,0,0,0.0,1,0,2213,0.0,66.0,360.0,1.0,0,1,2213.0,3.344981413927258
408,LP002315,1,2,1.0,0,0,8300,0.0,152.0,300.0,0.0,1,0,8300.0,3.9190780923760737
409,LP002317,1,2,3.0,0,0,81000,0.0,360.0,360.0,0.0,0,0,81000.0,4.9084850188786495
410,LP002318,0,0,1.0,1,2,3867,0.0,62.0,360.0,1.0,1,0,3867.0,3.5873741720730656
411,LP002319,1,2,0.0,0,1,6256,0.0,160.0,360.0,1.0,2,1,6256.0,3.7962967400517917
412,LP002328,1,2,0.0,1,0,6096,0.0,218.0,360.0,0.0,0,0,6096.0,3.785044958331544
413,LP002332,1,2,0.0,1,0,2253,2033.0,110.0,360.0,1.0,0,1,4286.0,3.63205216670581
414,LP002335,0,2,0.0,1,0,2149,3237.0,178.0,360.0,0.0,1,0,5386.0,3.731266349075492
415,LP002337,0,0,0.0,0,0,2995,0.0,60.0,360.0,1.0,2,1,2995.0,3.4763968267253302
416,LP002341,0,0,1.0,0,0,2600,0.0,160.0,360.0,1.0,2,0,2600.0,3.4149733479708178
417,LP002342,1,2,2.0,0,2,1600,20000.0,239.0,360.0,1.0,2,0,21600.0,4.334453751150931
418,LP002345,1,2,0.0,0,0,1025,2773.0,112.0,360.0,1.0,0,1,3798.0,3.5795549604009986
419,LP002347,1,2,0.0,0,0,3246,1417.0,138.0,360.0,1.0,1,1,4663.0,3.668665415454492
420,LP002348,1,2,0.0,0,0,5829,0.0,138.0,360.0,1.0,0,1,5829.0,3.765594055319445
421,LP002357,0,0,0.0,1,0,2720,0.0,80.0,360.0,0.0,2,0,2720.0,3.4345689040341987
422,LP002361,1,2,0.0,0,0,1820,1719.0,100.0,360.0,1.0,2,1,3539.0,3.548880562637515
423,LP002362,1,2,1.0,0,0,7250,1667.0,110.0,360.0,0.0,2,0,8917.0,3.9502187666418633
424,LP002364,1,2,0.0,0,0,14880,0.0,96.0,360.0,1.0,1,1,14880.0,4.17260293120986
425,LP002366,1,2,0.0,0,0,2666,4300.0,121.0,360.0,1.0,0,1,6966.0,3.8429834701222174
426,LP002367,0,0,1.0,1,0,4606,0.0,81.0,360.0,1.0,0,0,4606.0,3.663323933628212
427,LP002368,1,2,2.0,0,0,5935,0.0,133.0,360.0,1.0,1,1,5935.0,3.77342072329061
428,LP002369,1,2,0.0,0,0,2920,16.12000084,87.0,360.0,1.0,0,1,2936.12000084,3.467773801461207
429,LP002370,1,0,0.0,1,0,2717,0.0,60.0,180.0,1.0,2,1,2717.0,3.4340896384178907
430,LP002377,0,0,1.0,0,2,8624,0.0,150.0,360.0,1.0,1,1,8624.0,3.9357087478426633
431,LP002379,1,0,0.0,0,0,6500,0.0,105.0,360.0,0.0,0,0,6500.0,3.8129133566428557
432,LP002386,1,0,0.0,0,1,12876,0.0,405.0,360.0,1.0,1,1,12876.0,4.109780968013576
433,LP002387,1,2,0.0,0,0,2425,2340.0,143.0,360.0,1.0,1,1,4765.0,3.6780629049743454
434,LP002390,1,0,0.0,0,0,3750,0.0,100.0,360.0,1.0,2,1,3750.0,3.574031267727719
435,LP002393,0,1,0.0,0,0,10047,0.0,128.0,240.0,1.0,1,1,10047.0,4.002036402259529
436,LP002398,1,0,0.0,0,0,1926,1851.0,50.0,360.0,1.0,1,1,3777.0,3.5771469848275252
437,LP002401,1,2,0.0,0,0,2213,1125.0,128.0,360.0,1.0,2,1,3338.0,3.5234863323432277
438,LP002403,1,0,0.0,0,2,10416,0.0,187.0,360.0,0.0,2,0,10416.0,4.017700971224117
439,LP002407,0,2,0.0,1,2,7142,0.0,138.0,360.0,1.0,0,1,7142.0,3.853819845856763
440,LP002408,1,0,0.0,0,0,3660,5064.0,187.0,360.0,1.0,1,1,8724.0,3.940715656906663
441,LP002409,1,2,0.0,0,0,7901,1833.0,180.0,360.0,1.0,0,1,9734.0,3.9882913419074875
442,LP002418,1,0,3.0,1,0,4707,1993.0,148.0,360.0,1.0,1,1,6700.0,3.8260748027008264
443,LP002422,1,0,1.0,0,0,37719,0.0,152.0,360.0,1.0,1,1,37719.0,4.5765601702731695
444,LP002424,1,2,0.0,0,0,7333,8333.0,175.0,300.0,1.0,0,1,15666.0,4.194958122206588
445,LP002429,1,2,1.0,0,2,3466,1210.0,130.0,360.0,1.0,0,1,4676.0,3.6698745024898023
446,LP002434,1,2,2.0,1,0,4652,0.0,110.0,360.0,1.0,0,1,4652.0,3.667639706056411
447,LP002435,1,2,0.0,0,1,3539,1376.0,55.0,360.0,1.0,0,0,4915.0,3.6915235221681546
448,LP002443,1,2,2.0,0,0,3340,1710.0,150.0,360.0,0.0,0,0,5050.0,3.7032913781186614
449,LP002444,1,0,1.0,1,2,2769,1542.0,190.0,360.0,1.0,1,0,4311.0,3.634578022853888
450,LP002446,1,2,2.0,1,0,2309,1255.0,125.0,360.0,0.0,0,0,3564.0,3.5519376953648374
451,LP002447,1,2,2.0,1,0,1958,1456.0,60.0,300.0,1.0,2,1,3414.0,3.5332635167787148
452,LP002448,1,2,0.0,0,0,3948,1733.0,149.0,360.0,0.0,0,0,5681.0,3.7544247892772584
453,LP002449,1,2,0.0,0,0,2483,2466.0,90.0,180.0,0.0,0,1,4949.0,3.694517453811156
454,LP002453,1,0,0.0,0,2,7085,0.0,84.0,360.0,1.0,1,1,7085.0,3.850339854583479
455,LP002455,1,2,2.0,0,0,3859,0.0,96.0,360.0,1.0,1,1,3859.0,3.5864747785713966
456,LP002459,1,2,0.0,0,0,4301,0.0,118.0,360.0,1.0,2,1,4301.0,3.6335694425540916
457,LP002467,1,2,0.0,0,0,3708,2569.0,173.0,360.0,1.0,2,0,6277.0,3.7977521286507105
458,LP002472,1,0,2.0,0,0,4354,0.0,136.0,360.0,1.0,0,1,4354.0,3.6388884247050757
459,LP002473,1,2,0.0,0,0,8334,0.0,160.0,360.0,1.0,1,0,8334.0,3.9208534961212593
460,LP002478,2,2,0.0,0,2,2083,4083.0,160.0,360.0,1.0,1,1,6166.0,3.7900035203904894
461,LP002484,1,2,3.0,0,0,7740,0.0,128.0,180.0,1.0,2,1,7740.0,3.8887409606828927
462,LP002487,1,2,0.0,0,0,3015,2188.0,153.0,360.0,1.0,0,1,5203.0,3.7162538258960365
463,LP002489,0,0,1.0,1,1,5191,0.0,132.0,360.0,1.0,1,1,5191.0,3.7152510288788494
464,LP002493,1,0,0.0,0,0,4166,0.0,98.0,360.0,0.0,1,0,4166.0,3.619719265611727
465,LP002494,1,0,0.0,0,0,6000,0.0,140.0,360.0,1.0,0,1,6000.0,3.7781512503836434
466,LP002500,1,2,3.0,1,0,2947,1664.0,70.0,180.0,0.0,2,0,4611.0,3.6637951222194074
467,LP002501,2,2,0.0,0,0,16692,0.0,110.0,360.0,1.0,1,1,16692.0,4.222508376039671
468,LP002502,0,2,2.0,1,1,210,2917.0,98.0,360.0,1.0,1,1,3127.0,3.4951278812429334
469,LP002505,1,2,0.0,0,0,4333,2451.0,110.0,360.0,1.0,2,0,6784.0,3.8314858392486575
470,LP002515,1,2,1.0,0,2,3450,2079.0,162.0,360.0,1.0,1,1,5529.0,3.7426465899387362
471,LP002517,1,2,1.0,1,0,2653,1500.0,113.0,180.0,0.0,0,0,4153.0,3.6183619311098782
472,LP002519,1,2,3.0,0,0,4691,0.0,100.0,360.0,1.0,1,1,4691.0,3.6712654329471586
473,LP002522,0,0,0.0,0,2,2500,0.0,93.0,360.0,1.0,2,1,2500.0,3.3979400086720375
474,LP002524,1,0,2.0,0,0,5532,4648.0,162.0,360.0,1.0,0,1,10180.0,4.00774777800074
475,LP002527,1,2,2.0,0,2,16525,1014.0,150.0,360.0,1.0,0,1,17539.0,4.2440048280914535
476,LP002529,1,2,2.0,0,0,6700,1750.0,230.0,300.0,1.0,1,1,8450.0,3.926856708949692
477,LP002530,2,2,2.0,0,0,2873,1872.0,132.0,360.0,0.0,1,0,4745.0,3.6762362167633116
478,LP002531,1,2,1.0,0,2,16667,2250.0,86.0,360.0,1.0,1,1,18917.0,4.276852263844274
479,LP002533,1,2,2.0,0,0,2947,1603.0,128.0,360.0,1.0,2,0,4550.0,3.6580113966571126
480,LP002534,0,0,0.0,1,0,4350,0.0,154.0,360.0,1.0,0,1,4350.0,3.6384892569546374
481,LP002536,1,2,3.0,1,0,3095,0.0,113.0,360.0,1.0,0,1,3095.0,3.490660653356137
482,LP002537,1,2,0.0,0,0,2083,3150.0,128.0,360.0,1.0,1,1,5233.0,3.718750734739665
483,LP002541,1,2,0.0,0,0,10833,0.0,234.0,360.0,1.0,1,1,10833.0,4.034748743146489
484,LP002543,1,2,2.0,0,0,8333,0.0,246.0,360.0,1.0,1,1,8333.0,3.920801381825654
485,LP002544,1,2,1.0,1,0,1958,2436.0,131.0,360.0,1.0,0,1,4394.0,3.6428600525844916
486,LP002545,1,0,2.0,0,0,3547,0.0,80.0,360.0,0.0,0,0,3547.0,3.549861188471943
487,LP002547,1,2,1.0,0,0,18333,0.0,500.0,360.0,1.0,2,0,18333.0,4.263233538439489
488,LP002555,1,2,2.0,0,2,4583,2083.0,160.0,360.0,1.0,1,1,6666.0,3.8238653093245114
489,LP002556,1,0,0.0,0,0,2435,0.0,75.0,360.0,1.0,2,0,2435.0,3.386498965550653
490,LP002560,1,0,0.0,1,0,2699,2785.0,96.0,360.0,1.0,1,1,5484.0,3.739097446117475
491,LP002562,1,2,1.0,1,0,5333,1131.0,186.0,360.0,1.0,2,1,6464.0,3.8105013477665297
492,LP002571,1,0,0.0,1,0,3691,0.0,110.0,360.0,1.0,0,1,3691.0,3.5671440451956573
493,LP002582,0,0,0.0,1,2,17263,0.0,225.0,360.0,1.0,1,1,17263.0,4.237116270535057
494,LP002585,1,2,0.0,0,0,3597,2157.0,119.0,360.0,0.0,0,0,5754.0,3.759969857554307
495,LP002586,0,2,1.0,0,0,3326,913.0,105.0,84.0,1.0,1,1,4239.0,3.627263416568221
496,LP002587,1,2,0.0,1,0,2600,1700.0,107.0,360.0,1.0,0,1,4300.0,3.6334684555795866
497,LP002588,1,2,0.0,0,0,4625,2857.0,111.0,12.0,1.0,2,1,7482.0,3.874017703862186
498,LP002600,1,2,1.0,0,2,2895,0.0,95.0,360.0,1.0,1,1,2895.0,3.4616485680634552
499,LP002602,1,0,0.0,0,0,6283,4416.0,209.0,360.0,0.0,0,0,10699.0,4.029343187519107
500,LP002603,0,0,0.0,0,0,645,3683.0,113.0,480.0,1.0,0,1,4328.0,3.636287252098513
501,LP002606,0,0,0.0,0,0,3159,0.0,100.0,360.0,1.0,1,1,3159.0,3.499549625905149
502,LP002615,1,2,2.0,0,0,4865,5624.0,208.0,360.0,1.0,1,1,10489.0,4.020734085411515
503,LP002618,1,2,1.0,1,0,4050,5302.0,138.0,360.0,1.0,0,0,9352.0,3.9709044981537835
504,LP002619,1,2,0.0,1,0,3814,1483.0,124.0,300.0,1.0,1,1,5297.0,3.7240299729355977
505,LP002622,1,2,2.0,0,0,3510,4416.0,243.0,360.0,1.0,0,1,7926.0,3.8990540679981707
506,LP002624,1,2,0.0,0,0,20833,6667.0,480.0,360.0,1.0,2,1,27500.0,4.439332693830263
507,LP002625,2,0,0.0,0,0,3583,0.0,96.0,360.0,1.0,2,0,3583.0,3.5542468081661105
508,LP002626,1,2,0.0,0,2,2479,3013.0,188.0,360.0,1.0,2,1,5492.0,3.7397305285647175
509,LP002634,0,0,1.0,0,0,13262,0.0,40.0,360.0,1.0,2,1,13262.0,4.12260902357599
510,LP002637,1,0,0.0,1,0,3598,1287.0,100.0,360.0,1.0,0,0,4885.0,3.688864568054792
511,LP002640,1,2,1.0,0,0,6065,2004.0,250.0,360.0,1.0,1,1,8069.0,3.9068197154665456
512,LP002643,1,2,2.0,0,0,3283,2035.0,148.0,360.0,1.0,2,1,5318.0,3.7257483329955483
513,LP002648,1,2,0.0,0,0,2130,6666.0,70.0,180.0,1.0,1,0,8796.0,3.944285220688753
514,LP002652,1,0,0.0,0,0,5815,3666.0,311.0,360.0,1.0,0,0,9481.0,3.976854146576219
515,LP002659,1,2,3.0,0,0,3466,3428.0,150.0,360.0,1.0,0,1,6894.0,3.838471279071929
516,LP002670,0,2,2.0,0,0,2031,1632.0,113.0,480.0,1.0,1,1,3663.0,3.563836918664545
517,LP002682,1,2,0.0,1,0,3074,1800.0,123.0,360.0,0.0,1,0,4874.0,3.6878855248487055
518,LP002683,1,0,0.0,0,0,4683,1915.0,185.0,360.0,1.0,1,0,6598.0,3.8194123112093252
519,LP002684,0,0,0.0,1,0,3400,0.0,95.0,360.0,1.0,0,0,3400.0,3.531478917042255
520,LP002689,1,2,2.0,1,0,2192,1742.0,45.0,360.0,1.0,1,1,3934.0,3.594834355583318
521,LP002690,1,0,0.0,0,0,2500,0.0,55.0,360.0,1.0,1,1,2500.0,3.3979400086720375
522,LP002692,1,2,3.0,0,2,5677,1424.0,100.0,360.0,1.0,0,1,7101.0,3.8513195126487454
523,LP002693,1,2,2.0,0,2,7948,7166.0,480.0,360.0,1.0,0,1,15114.0,4.179379417881757
524,LP002697,1,0,0.0,0,0,4680,2087.0,128.0,360.0,1.0,1,0,6767.0,3.830396176483469
525,LP002699,1,2,2.0,0,2,17500,0.0,400.0,360.0,1.0,0,1,17500.0,4.243038048686294
526,LP002705,1,2,0.0,0,0,3775,0.0,110.0,360.0,1.0,1,1,3775.0,3.576916955965207
527,LP002706,1,2,1.0,1,0,5285,1430.0,161.0,360.0,0.0,1,1,6715.0,3.8270460170047342
528,LP002714,1,0,1.0,1,0,2679,1302.0,94.0,360.0,1.0,1,1,3981.0,3.599992177584098
529,LP002716,1,0,0.0,1,0,6783,0.0,130.0,360.0,1.0,1,1,6783.0,3.831421817065022
530,LP002717,1,2,0.0,0,0,1025,5500.0,216.0,360.0,1.0,0,1,6525.0,3.814580516010319
531,LP002720,1,2,3.0,0,0,4281,0.0,100.0,360.0,1.0,2,1,4281.0,3.631545227834309
532,LP002723,1,0,2.0,0,0,3588,0.0,110.0,360.0,0.0,0,0,3588.0,3.5548524343720547
533,LP002729,1,0,1.0,0,0,11250,0.0,196.0,360.0,1.0,1,0,11250.0,4.051152522447381
534,LP002731,0,0,0.0,1,2,18165,0.0,125.0,360.0,1.0,2,1,18165.0,4.259235402198733
535,LP002732,1,0,0.0,1,1,2550,2042.0,126.0,360.0,1.0,0,1,4592.0,3.662001879389917
536,LP002734,1,2,0.0,0,0,6133,3906.0,324.0,360.0,1.0,2,1,10039.0,4.001690454232153
537,LP002738,1,0,2.0,0,0,3617,0.0,107.0,360.0,1.0,1,1,3617.0,3.5583485087616196
538,LP002739,1,2,0.0,1,0,2917,536.0,66.0,360.0,1.0,0,0,3453.0,3.5381965783494542
539,LP002740,1,2,3.0,0,0,6417,0.0,157.0,180.0,1.0,0,1,6417.0,3.8073320392911905
540,LP002741,0,2,1.0,0,0,4608,2845.0,140.0,180.0,1.0,1,1,7453.0,3.8723311212302507
541,LP002743,0,0,0.0,0,0,2138,0.0,99.0,360.0,0.0,1,0,2138.0,3.330007700872759
542,LP002753,0,0,1.0,0,1,3652,0.0,95.0,360.0,1.0,1,1,3652.0,3.562530768862261
543,LP002755,1,2,1.0,1,0,2239,2524.0,128.0,360.0,1.0,2,1,4763.0,3.6778805815115905
544,LP002757,0,2,0.0,1,0,3017,663.0,102.0,360.0,1.0,1,1,3680.0,3.5658478186735176
545,LP002767,1,2,0.0,0,0,2768,1950.0,155.0,360.0,1.0,0,1,4718.0,3.6737579365495767
546,LP002768,1,0,0.0,1,0,3358,0.0,80.0,36.0,1.0,1,0,3358.0,3.5260806918020298
547,LP002772,1,0,0.0,0,0,2526,1783.0,145.0,360.0,1.0,0,1,4309.0,3.6343764940883676
548,LP002776,0,0,0.0,0,0,5000,0.0,103.0,360.0,0.0,1,0,5000.0,3.6989700043360187
549,LP002777,1,2,0.0,0,0,2785,2016.0,110.0,360.0,1.0,0,1,4801.0,3.681331705969166
550,LP002778,1,2,2.0,0,2,6633,0.0,128.0,360.0,0.0,0,0,6633.0,3.8217099972983766
551,LP002784,1,2,1.0,1,0,2492,2375.0,128.0,360.0,1.0,0,1,4867.0,3.687261346243506
552,LP002785,1,2,1.0,0,0,3333,3250.0,158.0,360.0,1.0,2,1,6583.0,3.8184238550920786
553,LP002788,1,2,0.0,1,0,2454,2333.0,181.0,360.0,0.0,2,0,4787.0,3.6800634274819486
554,LP002789,1,2,0.0,0,0,3593,4266.0,132.0,180.0,0.0,0,0,7859.0,3.895367288773362
555,LP002792,1,2,1.0,0,0,5468,1032.0,26.0,360.0,1.0,1,1,6500.0,3.8129133566428557
556,LP002794,0,0,0.0,0,0,2667,1625.0,84.0,360.0,1.0,2,1,4292.0,3.6326597132939136
557,LP002795,1,2,3.0,0,2,10139,0.0,260.0,360.0,1.0,1,1,10139.0,4.005995123054691
558,LP002798,1,2,0.0,0,0,3887,2669.0,162.0,360.0,1.0,1,1,6556.0,3.8166389448984614
559,LP002804,0,2,0.0,0,0,4180,2306.0,182.0,360.0,1.0,1,1,6486.0,3.811976944336954
560,LP002807,1,2,2.0,1,0,3675,242.0,108.0,360.0,1.0,1,1,3917.0,3.592953571547866
561,LP002813,0,2,1.0,0,2,19484,0.0,600.0,360.0,1.0,1,1,19484.0,4.289678120899732
562,LP002820,1,2,0.0,0,0,5923,2054.0,211.0,360.0,1.0,0,1,7977.0,3.9018395920512297
563,LP002821,1,0,0.0,1,2,5800,0.0,132.0,360.0,1.0,1,1,5800.0,3.7634279935629373
564,LP002832,1,2,2.0,0,0,8799,0.0,258.0,360.0,0.0,2,0,8799.0,3.9444333177002147
565,LP002833,1,2,0.0,1,0,4467,0.0,120.0,360.0,1.0,0,1,4467.0,3.6500159524718385
566,LP002836,1,0,0.0,0,0,3333,0.0,70.0,360.0,1.0,2,1,3333.0,3.52283531366053
567,LP002837,1,2,3.0,0,0,3400,2500.0,123.0,360.0,0.0,0,0,5900.0,3.7708520116421442
568,LP002840,0,0,0.0,0,0,2378,0.0,9.0,360.0,1.0,2,0,2378.0,3.376211850282673
569,LP002841,1,2,0.0,0,0,3166,2064.0,104.0,360.0,0.0,2,0,5230.0,3.718501688867274
570,LP002842,1,2,1.0,0,0,3417,1750.0,186.0,360.0,1.0,2,1,5167.0,3.7132384615456617
571,LP002847,1,2,0.0,0,0,5116,1451.0,165.0,360.0,0.0,2,0,6567.0,3.8173670162875943
572,LP002855,1,2,2.0,0,0,16666,0.0,275.0,360.0,1.0,2,1,16666.0,4.221831377489635
573,LP002862,1,2,2.0,1,0,6125,1625.0,187.0,480.0,1.0,1,0,7750.0,3.88930170250631
574,LP002863,1,2,3.0,0,0,6406,0.0,150.0,360.0,1.0,1,0,6406.0,3.806586934327803
575,LP002868,1,2,2.0,0,0,3159,461.0,108.0,84.0,1.0,2,1,3620.0,3.558708570533166
576,LP002872,2,2,0.0,0,0,3087,2210.0,136.0,360.0,0.0,1,0,5297.0,3.7240299729355977
577,LP002874,1,0,0.0,0,0,3229,2739.0,110.0,360.0,1.0,2,1,5968.0,3.7758288144646124
578,LP002877,1,2,1.0,0,0,1782,2232.0,107.0,360.0,1.0,0,1,4014.0,3.6035773681514667
579,LP002888,1,0,0.0,0,1,3182,2917.0,161.0,360.0,1.0,2,1,6099.0,3.785258633357701
580,LP002892,1,2,2.0,0,0,6540,0.0,205.0,360.0,1.0,1,1,6540.0,3.815577748324267
581,LP002893,1,0,0.0,0,0,1836,33837.0,90.0,360.0,1.0,2,0,35673.0,4.552339633831198
582,LP002894,0,2,0.0,0,0,3166,0.0,36.0,360.0,1.0,1,1,3166.0,3.5005109105263372
583,LP002898,1,2,1.0,0,0,1880,0.0,61.0,360.0,1.0,0,0,1880.0,3.27415784926368
584,LP002911,1,2,1.0,0,0,2787,1917.0,146.0,360.0,0.0,0,0,4704.0,3.6724673130680823
585,LP002912,1,2,1.0,0,0,4283,3000.0,172.0,84.0,1.0,0,0,7283.0,3.8623103099542706
586,LP002916,1,2,0.0,0,0,2297,1522.0,104.0,360.0,1.0,2,1,3819.0,3.581949658373318
587,LP002917,0,0,0.0,1,0,2165,0.0,70.0,360.0,1.0,1,1,2165.0,3.3354579006893843
588,LP002925,2,0,0.0,0,0,4750,0.0,94.0,360.0,1.0,1,1,4750.0,3.6766936096248664
589,LP002926,1,2,2.0,0,2,2726,0.0,106.0,360.0,0.0,1,0,2726.0,3.435525851498655
590,LP002928,1,2,0.0,0,0,3000,3416.0,56.0,180.0,1.0,1,1,6416.0,3.807264355276107
591,LP002931,1,2,2.0,0,2,6000,0.0,205.0,240.0,1.0,1,0,6000.0,3.7781512503836434
592,LP002933,2,0,3.0,0,2,9357,0.0,292.0,360.0,1.0,1,1,9357.0,3.9711366294768062
593,LP002936,1,2,0.0,0,0,3859,3300.0,142.0,180.0,1.0,0,1,7159.0,3.854852362417834
594,LP002938,1,2,0.0,0,2,16120,0.0,260.0,360.0,1.0,2,1,16120.0,4.207365037469072
595,LP002940,1,0,0.0,1,0,3833,0.0,110.0,360.0,1.0,0,1,3833.0,3.5835388192543522
596,LP002941,1,2,2.0,1,2,6383,1000.0,187.0,360.0,1.0,0,0,7383.0,3.868232868422465
597,LP002943,1,0,0.0,0,0,2987,0.0,88.0,360.0,0.0,1,0,2987.0,3.475235222604128
598,LP002945,1,2,0.0,0,2,9963,0.0,180.0,360.0,1.0,0,1,9963.0,3.9983901303180476
599,LP002948,1,2,2.0,0,0,5780,0.0,192.0,360.0,1.0,2,1,5780.0,3.761927838420529
600,LP002949,0,0,3.0,0,1,416,41667.0,350.0,180.0,1.0,2,0,42083.0,4.624106692101121
601,LP002950,1,2,0.0,1,1,2894,2792.0,155.0,360.0,1.0,0,1,5686.0,3.754806855354423
602,LP002953,1,2,3.0,0,0,5703,0.0,128.0,360.0,1.0,2,1,5703.0,3.7561033715851058
603,LP002958,1,0,0.0,0,0,3676,4301.0,172.0,360.0,1.0,0,1,7977.0,3.9018395920512297
604,LP002959,0,2,1.0,0,0,12000,0.0,496.0,360.0,1.0,1,1,12000.0,4.079181246047625
605,LP002960,1,2,0.0,1,0,2400,3800.0,128.0,180.0,1.0,2,0,6200.0,3.792391689498254
606,LP002961,1,2,1.0,0,0,3400,2500.0,173.0,360.0,1.0,1,1,5900.0,3.7708520116421442
607,LP002964,1,2,2.0,1,0,3987,1411.0,157.0,360.0,1.0,0,1,5398.0,3.732232880220498
608,LP002974,1,2,0.0,0,0,3232,1950.0,108.0,360.0,1.0,0,1,5182.0,3.714497408649806
609,LP002978,0,0,0.0,0,0,2900,0.0,71.0,360.0,1.0,0,1,2900.0,3.462397997898956
610,LP002979,1,2,3.0,0,0,4106,0.0,40.0,180.0,1.0,0,1,4106.0,3.613418945034573
611,LP002983,1,2,1.0,0,0,8072,240.0,253.0,360.0,1.0,2,1,8312.0,3.919705534549121
612,LP002984,1,2,2.0,0,0,7583,0.0,187.0,360.0,1.0,2,1,7583.0,3.8798410559865624
613,LP002990,0,0,0.0,0,2,4583,0.0,133.0,360.0,0.0,1,0,4583.0,3.6611498572447867
